START TRANSACTION;
INSERT INTO `user` (`Username`, `Password`, `TeamId`) VALUES ('Admin', '$2b$10$q/h.cC/Ct3XC14Zm6BAXDOjzaAwyTf5kogrlJMT9MJvznGXd8FTYu', NULL);
INSERT INTO `season` (`Year`, `IsActive`, `SignUpDueDate`, `StartDate`) VALUES (2017, b'0', '2017-09-01 00:00:00', '2017-09-20 00:00:00');
INSERT INTO `season` (`Year`, `IsActive`, `SignUpDueDate`, `StartDate`) VALUES (2018, b'0', '2018-09-01 00:00:00', '2018-09-20 00:00:00');
INSERT INTO `season` (`Year`, `IsActive`, `SignUpDueDate`, `StartDate`) VALUES (2019, b'0', '2019-09-15 00:00:00', '2019-09-20 00:00:00');
INSERT INTO `season` (`Year`, `IsActive`, `SignUpDueDate`, `StartDate`) VALUES (2022, b'1', '2022-09-03 00:00:00', '2019-09-23 00:00:00');
INSERT INTO `step` (`Id`, `Description`, `Gender`, `IsCaretakerRequired`) VALUES (1, 'Escalão I', 'X', b'1');
INSERT INTO `step` (`Id`, `Description`, `Gender`, `IsCaretakerRequired`) VALUES (2, 'Escalão II', 'M', b'1');
INSERT INTO `step` (`Id`, `Description`, `Gender`, `IsCaretakerRequired`) VALUES (3, 'Escalão III', 'M', b'0');
INSERT INTO `step` (`Id`, `Description`, `Gender`, `IsCaretakerRequired`) VALUES (4, 'Escolinhas', 'X', b'1');
INSERT INTO `step` (`Id`, `Description`, `Gender`, `IsCaretakerRequired`) VALUES (5, 'Feminino', 'F', b'0');
INSERT INTO `role` (`Id`,`Description`) VALUES (1, 'Jogador');
INSERT INTO `role` (`Id`,`Description`) VALUES (2, 'Treinador');
INSERT INTO `role` (`Id`,`Description`) VALUES (3, 'Treinador Adjunto');
INSERT INTO `role` (`Id`,`Description`) VALUES (4, 'Delegado');
INSERT INTO `role` (`Id`,`Description`) VALUES (5, 'Massagista');
INSERT INTO `role` (`Id`,`Description`) VALUES (6, 'Médico');
INSERT INTO `phase` (`Id`, `Name`) VALUES (1, 'Grupo');
INSERT INTO `phase` (`Id`, `Name`) VALUES (2, 'Campeonato');
INSERT INTO `phase` (`Id`, `Name`) VALUES (3, 'Playoff');
INSERT INTO `phase` (`Id`, `Name`) VALUES (4, 'Quartos de Final');
INSERT INTO `phase` (`Id`, `Name`) VALUES (5, 'Meias Finais');
INSERT INTO `phase` (`Id`, `Name`) VALUES (6, 'Final');
INSERT INTO `phase` (`Id`, `Name`) VALUES (7, '3º/4º Lugar');
INSERT INTO `birthsteplimit` (`Season`, `StepId`, `MinDate`, `MaxDate`) VALUES (2023, 4, '2014-11-19 00:00:00', '2018-12-31 23:59:59');
INSERT INTO `birthsteplimit` (`Season`, `StepId`, `MinDate`, `MaxDate`) VALUES (2023, 5, '1970-01-01 00:00:01', '2010-11-18 23:59:59');
INSERT INTO `birthsteplimit` (`Season`, `StepId`, `MinDate`, `MaxDate`) VALUES (2023, 3, '1970-01-01 00:00:01', '2005-11-18 23:59:59');
INSERT INTO `birthsteplimit` (`Season`, `StepId`, `MinDate`, `MaxDate`) VALUES (2023, 2, '2005-11-19 00:00:00', '2010-11-18 23:59:59');
INSERT INTO `birthsteplimit` (`Season`, `StepId`, `MinDate`, `MaxDate`) VALUES (2023, 1, '2010-11-19 00:00:00', '2014-11-18 23:59:59');
INSERT INTO `birthsteplimit` (`Season`, `StepId`, `MinDate`, `MaxDate`) VALUES (2022, 4, '2013-11-21 00:00:00', '2017-12-31 23:59:59');
INSERT INTO `birthsteplimit` (`Season`, `StepId`, `MinDate`, `MaxDate`) VALUES (2022, 5, '1970-01-01 00:00:01', '2009-11-20 23:59:59');
INSERT INTO `birthsteplimit` (`Season`, `StepId`, `MinDate`, `MaxDate`) VALUES (2022, 3, '1970-01-01 00:00:01', '2004-11-20 23:59:59');
INSERT INTO `birthsteplimit` (`Season`, `StepId`, `MinDate`, `MaxDate`) VALUES (2022, 2, '2004-11-21 00:00:00', '2009-11-20 23:59:59');
INSERT INTO `birthsteplimit` (`Season`, `StepId`, `MinDate`, `MaxDate`) VALUES (2022, 1, '2009-11-21 00:00:00', '2013-11-20 23:59:59');
INSERT INTO `birthsteplimit` (`Season`, `StepId`, `MinDate`, `MaxDate`) VALUES (2019, 5, '1970-01-01 00:00:01', '2006-11-20 23:59:59');
INSERT INTO `birthsteplimit` (`Season`, `StepId`, `MinDate`, `MaxDate`) VALUES (2019, 4, '2010-11-21 00:00:00', '2014-12-31 23:59:59');
INSERT INTO `birthsteplimit` (`Season`, `StepId`, `MinDate`, `MaxDate`) VALUES (2019, 3, '1970-01-01 00:00:01', '2001-11-20 23:59:59');
INSERT INTO `birthsteplimit` (`Season`, `StepId`, `MinDate`, `MaxDate`) VALUES (2019, 2, '2001-11-21 00:00:00', '2006-11-20 23:59:59');
INSERT INTO `birthsteplimit` (`Season`, `StepId`, `MinDate`, `MaxDate`) VALUES (2019, 1, '2006-11-21 00:00:00', '2010-11-20 23:59:59');
INSERT INTO `birthsteplimit` (`Season`, `StepId`, `MinDate`, `MaxDate`) VALUES (2018, 5, '1970-01-01 00:00:01', '2005-11-20 23:59:59');
INSERT INTO `birthsteplimit` (`Season`, `StepId`, `MinDate`, `MaxDate`) VALUES (2018, 4, '2009-11-21 00:00:00', '2013-12-31 23:59:59');
INSERT INTO `birthsteplimit` (`Season`, `StepId`, `MinDate`, `MaxDate`) VALUES (2018, 3, '1970-01-01 00:00:01', '2000-11-20 23:59:59');
INSERT INTO `birthsteplimit` (`Season`, `StepId`, `MinDate`, `MaxDate`) VALUES (2018, 2, '2000-11-21 00:00:00', '2005-11-20 23:59:59');
INSERT INTO `birthsteplimit` (`Season`, `StepId`, `MinDate`, `MaxDate`) VALUES (2018, 1, '2005-11-21 00:00:00', '2009-11-20 23:59:59');
INSERT INTO `birthsteplimit` (`Season`, `StepId`, `MinDate`, `MaxDate`) VALUES (2017, 5, '1970-01-01 00:00:01', '2004-11-20 23:59:59');
INSERT INTO `birthsteplimit` (`Season`, `StepId`, `MinDate`, `MaxDate`) VALUES (2017, 4, '2008-11-21 00:00:00', '2012-12-31 23:59:59');
INSERT INTO `birthsteplimit` (`Season`, `StepId`, `MinDate`, `MaxDate`) VALUES (2017, 3, '1970-01-01 00:00:01', '1999-11-20 23:59:59');
INSERT INTO `birthsteplimit` (`Season`, `StepId`, `MinDate`, `MaxDate`) VALUES (2017, 2, '1999-11-21 00:00:00', '2004-11-20 23:59:59');
INSERT INTO `birthsteplimit` (`Season`, `StepId`, `MinDate`, `MaxDate`) VALUES (2017, 1, '2004-11-21 00:00:00', '2008-11-20 23:59:59');
COMMIT;